/PCs/Amelia/index.{html} /PCs/Amelia/
/PCs/Roselyn/index.{html} /PCs/Roselyn/
/Custom-Backgrounds/General-Template/index.{html} /Custom-Backgrounds/General-Template/
/Custom-Backgrounds/The-Cunning-Linguist/index.{html} /Custom-Backgrounds/The-Cunning-Linguist/
/Custom-Backgrounds/The-Monster-Hunter/index.{html} /Custom-Backgrounds/The-Monster-Hunter/
/Custom-Backgrounds/The-Way-Walker/index.{html} /Custom-Backgrounds/The-Way-Walker/
/Worldbuilding/Languages/index.{html} /Worldbuilding/Languages/
/index.html /
/Custom-Backgrounds/Corps-Founder/index.{html} /Custom-Backgrounds/Corps-Founder/
/Custom-Backgrounds/Custom-Backgrounds/index.{html} /Custom-Backgrounds/Custom-Backgrounds/
/Custom-Backgrounds/The-Outlaw/index.{html} /Custom-Backgrounds/The-Outlaw/
/PCs/Babacar/index.{html} /PCs/Babacar/
/PCs/Charlie/index.{html} /PCs/Charlie/
/PCs/PCs/index.{html} /PCs/PCs/
/Worldbuilding/Art-Inspiration/index.{html} /Worldbuilding/Art-Inspiration/
/Worldbuilding/Worldbuilding-Inspiration/index.{html} /Worldbuilding/Worldbuilding-Inspiration/
/Custom-Backgrounds/The-Law/index.{html} /Custom-Backgrounds/The-Law/
/Custom-Backgrounds/The-Old-Timer/index.{html} /Custom-Backgrounds/The-Old-Timer/
/Custom-Backgrounds/The-Frontier-Psychologist/index.{html} /Custom-Backgrounds/The-Frontier-Psychologist/
/Locations/Locations/index.{html} /Locations/Locations/
/PCs/Class-Selection/index.{html} /PCs/Class-Selection/
/PCs/Ricky/index.{html} /PCs/Ricky/
/Worldbuilding/Turtle-Island-Lenape-Creation-Oral-History/index.{html} /Worldbuilding/Turtle-Island-Lenape-Creation-Oral-History/
/Custom-Backgrounds/Other-Backgrounds/index.{html} /Custom-Backgrounds/Other-Backgrounds/
/Custom-Backgrounds/The-Corps-Founder/index.{html} /Custom-Backgrounds/The-Corps-Founder/
